text,date,length
Crece la división interna en Podemos tras la campaña de los pablistas contra Errejón,26/12/2016,84
El avión del Chapecoense tenía poco combustible y exceso de peso,26/12/2016,64
Correos lanzará en breve una convocatoria de 2.200 plazas,26/12/2016,57
"¿Qué fue de Andrew Ridgeley, el compañero de Michael en Wham! ?",26/12/2016,63
"Ahora que ha muerto, ¿alguien le pedirá perdón por su detención?",26/12/2016,64
Muere George Michael a los 53 años por un ataque cardíaco,26/12/2016,57
Fassbender tuvo una conversación para estar en 'Star Wars: Episodio VII',26/12/2016,72
El Gobierno estudia obligar a las empresas a informar de los salarios de hombres y mujeres,26/12/2016,90
El Málaga sigue sin aclarar si Juande sigue siendo su entrenador,26/12/2016,64
Kiko Rivera se reúne por Navidad con Francisco y Cayetano,26/12/2016,57
Anselm Kiefer sigue lacerando los ideales germánicos,26/12/2016,52
Un león marino de 200 kg anda suelto por Tasmania,26/12/2016,49
Dos jóvenes mueren en un accidente de tráfico en Ourense,26/12/2016,56
NVidia lanza un kit para resucitar ordenadores viejos,26/12/2016,53
Hallan el fuselaje del avión militar ruso siniestrado en el mar Negro,26/12/2016,69
Juncker insta a Facebook y a las redes sociales a actuar con contundencia ante las falsas noticias,26/12/2016,98
El turismo de lujo en España: tener el Prado o la Sagrada Familia en exclusiva,26/12/2016,78
"Mark Hamill y Harrison Ford a Carrie Fisher, tras su infarto: ""Que la fuerza te acompañe""",26/12/2016,89
"Jorge Mendes: ""James no se irá del Real Madrid en enero""",26/12/2016,56
Lo más desternillante de Twitter en 2016,26/12/2016,40
Google intentará resucitar los wearables en 2017,26/12/2016,48
Los exconsejeros Viera y Vallejo piden su absolución por el caso de los ERE,26/12/2016,75
Elimina con retoques los tatuajes de mareros rehabilitados y los enfrenta a su piel sin estigmas,26/12/2016,96
El futuro de las cabinas pende de un hilo,26/12/2016,41
Grazalema: carretera (sierra y pueblos blancos) y manta,26/12/2016,55
Los hippies que se hicieron ricos con el veganismo,26/12/2016,50
Mueren tres hombres en un incendio en una cochera de la provincia de Jaén,26/12/2016,73
Al menos tres muertos en Filipinas durante el paso del tifón 'Nock-Ten',26/12/2016,71
Las quince habitaciones de hotel más caras del mundo,26/12/2016,52
Pau Gasol aporta seriedad defensiva y 12 puntos en la victoria de los Spurs ante sus ex de los Bulls,26/12/2016,100
La bronquiolitis es la causa más frecuente de hospitalización en menores de un año,26/12/2016,82
La extraña 'paella' del actor Rob Schneider indignó a sus fans españoles,26/12/2016,72
Memoria Histórica pone una queja al Defensor del Pueblo por el discurso de Navidad del rey,26/12/2016,90
El mensaje del Rey fue el menos visto desde que se controlan las audiencias,26/12/2016,75
El simbolismo en el mensaje de Navidad del rey Felipe VI,26/12/2016,56
Una banda de secuestros capturó al cooperante español en Afganistán,26/12/2016,67
Rusia denuncia el hallazgo de fosas comunes en Alepo con decenas de cuerpos mutilados,26/12/2016,85
Francia prepara una ley para atajar la corrupción en el fútbol,26/12/2016,62
Una mirada a las mujeres de Corea del Norte,26/12/2016,43
Los mejores turrones gourmet,26/12/2016,28
Miguel Ángel Silvestre despierta el interés de los narcos de Netflix,26/12/2016,68
Israel convoca a embajadores del Consejo de Seguridad por la resolución de la ONU,26/12/2016,81
Twitter se mofa de Chacón por decirle a Errejón que Zapatero fue jefe de Estado,26/12/2016,79
El inspirador mensaje de Navidad de J. K. Rowling que conquista Twitter,26/12/2016,71
Veinte películas españolas de 2016 no han llegado a los 100 espectadores,26/12/2016,72
Tal día como hoy un tsunami arrasó las costas del Océano Índico,26/12/2016,63
"Un fuerte terremoto de 7,6 de magnitud sacude el sur de Chile",26/12/2016,61
"Alertan de la desaparición de un menor en Fuenlabrada, Madrid",26/12/2016,61
Fallece una joven escaladora al caerse en Vélez de Benaudalla,26/12/2016,61
"El sufrimiento de Pedroche en 'Hipnotízame', con estos VIPs en Antena 3",26/12/2016,71
"Trump anuncia que disolverá su polémica fundación para ""evitar conflictos de interés""",26/12/2016,85
'Victoria' y otras reinas 'badass' de las series de TV,26/12/2016,54
Messi se reencuentra con sus compañeros de equipo de infantiles,26/12/2016,63
Le canta rap al gato para relajarlo,26/12/2016,35
El mapa de los países que más detestan la Navidad,26/12/2016,49
Muere un vigilante de seguridad en un accidente en un circuito de pruebas en Níjar,26/12/2016,82
"El objetivo e impasible Renger-Patzsch, fotógrafo industrial de la Nueva Objetividad alemana",26/12/2016,92
Fallece a los 95 años el director artístico Gil Parrondo,26/12/2016,56
Ricky Martin agradece las muestras de cariño por la enfermedad de su padre,26/12/2016,74
La Cámara de Comercio fuerza la dimisión del empresario denunciado por Teresa Rodríguez por una agresión machista,26/12/2016,113
"¿Qué fue de Macaulay Culkin, el niño de 'Solo en casa'?",26/12/2016,55
'Putón Navideño': el villancico más polémico,26/12/2016,44
Vota por tu libro preferido de la saga de Harry Potter,26/12/2016,54
Esta app zanja las discusiones sobre política en Navidad,26/12/2016,56
"Tres sospechosos detenidos en Túnez, entre ellos un familiar del terrorista de Berlín",26/12/2016,85
Rajoy asegura la ayuda española frente al terrorismo en todo el mundo,26/12/2016,69
Cuatro beneficios psicológicos de caminar,26/12/2016,41
"Infiniti QX30, identidad SUV: compacto elevado",26/12/2016,46
